{"input_data": [[0.13859547674655914, -1.947242021560669, -0.3997119069099426, 0.9440467357635498, 0.35123780369758606, -0.6616470813751221]], "output_data": [[0.022013172507286072]]}