{"input_data": [[0.9432001113891602, -0.8153696656227112, 0.8849681615829468, 0.6952328681945801, 0.31993961334228516, -0.3537532091140747]], "output_data": [[0.9999111890792847]]}