{"inputs":[["7900000000000000000000000000000000000000000000000000000000000000","99ffffef93f5e1439170b97948e833285d588181b64550b829a031e1724e6430","7100000000000000000000000000000000000000000000000000000000000000","5900000000000000000000000000000000000000000000000000000000000000","2900000000000000000000000000000000000000000000000000000000000000","d4ffffef93f5e1439170b97948e833285d588181b64550b829a031e1724e6430"]],"pretty_elements":{"rescaled_inputs":[["0.9453125","-0.8125","0.8828125","0.6953125","0.3203125","-0.3515625"]],"inputs":[["0x0000000000000000000000000000000000000000000000000000000000000079","0x30644e72e131a029b85045b68181585d2833e84879b9709143e1f593efffff99","0x0000000000000000000000000000000000000000000000000000000000000071","0x0000000000000000000000000000000000000000000000000000000000000059","0x0000000000000000000000000000000000000000000000000000000000000029","0x30644e72e131a029b85045b68181585d2833e84879b9709143e1f593efffffd4"]],"processed_inputs":[],"processed_params":[],"processed_outputs":[],"rescaled_outputs":[["1"]],"outputs":[["0x0000000000000000000000000000000000000000000000000000000000000080"]]},"outputs":[["8000000000000000000000000000000000000000000000000000000000000000"]],"processed_inputs":null,"processed_params":null,"processed_outputs":null,"max_lookup_inputs":1190,"min_lookup_inputs":0,"max_range_size":16383,"version":"23.0.5"}