{"inputs":[["8bffffef93f5e1439170b97948e833285d588181b64550b829a031e1724e6430","7f00000000000000000000000000000000000000000000000000000000000000","adffffef93f5e1439170b97948e833285d588181b64550b829a031e1724e6430","bdffffef93f5e1439170b97948e833285d588181b64550b829a031e1724e6430","e0ffffef93f5e1439170b97948e833285d588181b64550b829a031e1724e6430","3100000000000000000000000000000000000000000000000000000000000000","c1ffffef93f5e1439170b97948e833285d588181b64550b829a031e1724e6430","4400000000000000000000000000000000000000000000000000000000000000","8dffffef93f5e1439170b97948e833285d588181b64550b829a031e1724e6430"]],"pretty_elements":{"rescaled_inputs":[["-0.921875","0.9921875","-0.65625","-0.53125","-0.2578125","0.3828125","-0.5","0.53125","-0.90625"]],"inputs":[["0x30644e72e131a029b85045b68181585d2833e84879b9709143e1f593efffff8b","0x000000000000000000000000000000000000000000000000000000000000007f","0x30644e72e131a029b85045b68181585d2833e84879b9709143e1f593efffffad","0x30644e72e131a029b85045b68181585d2833e84879b9709143e1f593efffffbd","0x30644e72e131a029b85045b68181585d2833e84879b9709143e1f593efffffe0","0x0000000000000000000000000000000000000000000000000000000000000031","0x30644e72e131a029b85045b68181585d2833e84879b9709143e1f593efffffc1","0x0000000000000000000000000000000000000000000000000000000000000044","0x30644e72e131a029b85045b68181585d2833e84879b9709143e1f593efffff8d"]],"processed_inputs":[],"processed_params":[],"processed_outputs":[],"rescaled_outputs":[["0.828125"]],"outputs":[["0x000000000000000000000000000000000000000000000000000000000000006a"]]},"outputs":[["6a00000000000000000000000000000000000000000000000000000000000000"]],"processed_inputs":null,"processed_params":null,"processed_outputs":null,"max_lookup_inputs":200,"min_lookup_inputs":0,"max_range_size":16383,"version":"23.0.5"}