{"inputs":[["1200000000000000000000000000000000000000000000000000000000000000","08ffffef93f5e1439170b97948e833285d588181b64550b829a031e1724e6430","ceffffef93f5e1439170b97948e833285d588181b64550b829a031e1724e6430","7900000000000000000000000000000000000000000000000000000000000000","2d00000000000000000000000000000000000000000000000000000000000000","acffffef93f5e1439170b97948e833285d588181b64550b829a031e1724e6430"]],"pretty_elements":{"rescaled_inputs":[["0.140625","-1.9453125","-0.3984375","0.9453125","0.3515625","-0.6640625"]],"inputs":[["0x0000000000000000000000000000000000000000000000000000000000000012","0x30644e72e131a029b85045b68181585d2833e84879b9709143e1f593efffff08","0x30644e72e131a029b85045b68181585d2833e84879b9709143e1f593efffffce","0x0000000000000000000000000000000000000000000000000000000000000079","0x000000000000000000000000000000000000000000000000000000000000002d","0x30644e72e131a029b85045b68181585d2833e84879b9709143e1f593efffffac"]],"processed_inputs":[],"processed_params":[],"processed_outputs":[],"rescaled_outputs":[["0.0234375"]],"outputs":[["0x0000000000000000000000000000000000000000000000000000000000000003"]]},"outputs":[["0300000000000000000000000000000000000000000000000000000000000000"]],"processed_inputs":null,"processed_params":null,"processed_outputs":null,"max_lookup_inputs":0,"min_lookup_inputs":-488,"max_range_size":16383,"version":"23.0.5"}